Top pages,Clicks,Impressions,CTR,Position
https://pagoyamx.com/,3,75,4%,5.51
https://pagoyamx.com/pagar-agua-monterrey.html,2,855,0.23%,9.33
https://pagoyamx.com/pagar-agua-monterrey,1,293,0.34%,8.53
https://pagoyamx.com/que-pasa-si-pago-cfe-tarde,1,63,1.59%,9.24
https://pagoyamx.com/pagar-predial-puerto-vallarta,1,38,2.63%,11.11
https://pagoyamx.com/guia-pagar-servicios-sin-cuenta-bancaria,1,19,5.26%,17.37
https://pagoyamx.com/pagar-agua-cdmx.html,0,142,0%,15.03
https://pagoyamx.com/pagar-cfe,0,111,0%,39.75
https://pagoyamx.com/deposito-oxxo,0,57,0%,50.88
https://pagoyamx.com/recargas-guadalajara,0,34,0%,40.06
https://pagoyamx.com/mejores-apps-pagar-servicios-mexico,0,33,0%,11.76
https://pagoyamx.com/pagar-telmex,0,28,0%,16.39
https://pagoyamx.com/pagar-cfe-monterrey.html,0,22,0%,9.23
https://pagoyamx.com/recargas-telcel-efectivo,0,22,0%,9.59
https://pagoyamx.com/que-es-oxxo-pay,0,22,0%,22.73
https://pagoyamx.com/pagar-servicios-puerto-vallarta,0,21,0%,10.29
https://pagoyamx.com/pagar-servicios-guadalajara,0,21,0%,14.38
https://pagoyamx.com/pagar-agua-cdmx,0,15,0%,8
https://pagoyamx.com/pagar-cfe-guadalajara,0,12,0%,9.25
https://pagoyamx.com/pagar-telmex-sin-tarjeta,0,11,0%,9
https://pagoyamx.com/wallet/historial,0,8,0%,7.12
https://pagoyamx.com/recargas,0,7,0%,7.29
https://pagoyamx.com/aviso-de-privacidad,0,4,0%,6.75
https://pagoyamx.com/es-seguro-pagar-servicios-celular-mexico,0,3,0%,3.33
https://pagoyamx.com/pagar-cfe-guadalajara.html,0,3,0%,7
https://pagoyamx.com/que-es-dinero-electronico-mexico,0,1,0%,9
https://pagoyamx.com/terminos-y-condiciones,0,1,0%,9
https://pagoyamx.com/pagar-izzi-sin-cuenta-bancaria,0,1,0%,10