Top queries,Clicks,Impressions,CTR,Position
pagoya,1,38,2.63%,7.63
como pagar el agua sin recibo,1,20,5%,7.45
sadm pago en linea,0,58,0%,9.4
sadm pago,0,49,0%,9.24
pagar agua y drenaje monterrey,0,22,0%,9.59
pago sadm,0,14,0%,8.14
como pagar agua y drenaje sin recibo,0,13,0%,9.38
pago de agua en linea monterrey,0,11,0%,10.36
pagar agua monterrey,0,10,0%,10
pago del agua monterrey,0,10,0%,15.9
depositos en oxxo,0,10,0%,79.5
pago agua y drenaje monterrey,0,9,0%,9.11
donde pagar agua y drenaje,0,9,0%,11.11
cfe pago,0,9,0%,63.44
pagar sadm,0,8,0%,8.25
pagar recibo de agua vencido monterrey,0,8,0%,10.88
como pagar el recibo del agua sin recibo,0,7,0%,6
donde se paga el agua,0,7,0%,6.71
pago agua sacmex,0,7,0%,11
pagar agua y drenaje,0,7,0%,14.14
sacmex pago de agua,0,7,0%,14.43
sacmex pago,0,7,0%,18.57
pagoa,0,6,0%,1
como pagar el recibo de agua en linea,0,6,0%,6.83
pagar agua en linea monterrey,0,6,0%,9.33
pagar agua y drenaje de monterrey,0,6,0%,10.17
pago de recibos en nuevo leon,0,6,0%,18.83
depositos en efectivo oxxo,0,6,0%,76
pago ya,0,5,0%,3.8
como pagar mi recibo de agua sin recibo,0,5,0%,6.6
como puedo pagar el agua sin recibo,0,5,0%,6.6
como puedo pagar el recibo del agua sin recibo,0,5,0%,6.8
donde pagar el agua en monterrey,0,5,0%,7.6
donde pagar agua y drenaje monterrey,0,5,0%,10.6
agua y drenaje monterrey pago,0,5,0%,11.2
pagar agua san pedro,0,4,0%,6
cómo pagar el agua sin recibo,0,4,0%,7.25
agua monterrey pago,0,4,0%,7.75
pago de agua monterrey,0,4,0%,9.5
pagar agua y drenaje bbva,0,4,0%,10
pagar agua sacmex,0,4,0%,13.25
agua monterrey pago en linea,0,4,0%,15.5
pagar servicios desde app bancaria méxico,0,4,0%,18.5
agua cdmx pago,0,4,0%,25
agua y drenaje pago en linea,0,4,0%,38
pagos en oxxo,0,4,0%,67.25
pago cfe queretaro,0,4,0%,74.75
pagar cfe en linea,0,4,0%,77.75
como pagar el agua si no tengo recibo,0,3,0%,4.67
como pagar recibo de agua sin recibo,0,3,0%,6
puedo pagar el agua sin recibo,0,3,0%,6.67
pago recibo de agua,0,3,0%,7.33
como pagar el agua en linea monterrey,0,3,0%,9.67
donde pagar el agua,0,3,0%,9.67
agua de monterrey pago en linea,0,3,0%,10
pago agua monterrey,0,3,0%,10
agua y drenaje de monterrey pago en línea,0,3,0%,10.33
pago en linea agua y drenaje monterrey,0,3,0%,11
pago de agua sacmex,0,3,0%,17
pago sacmex,0,3,0%,20.67
app para pagar servicios,0,3,0%,28.33
pago en linea agua y drenaje,0,3,0%,41
pago de servicios sin comisión,0,3,0%,52
cfe pagar,0,3,0%,67
recargas celulares,0,3,0%,67
donde pagar recibo de agua,0,2,0%,5.5
pago en linea agua y drenaje de monterrey,0,2,0%,6
como pagar el recibo de agua sin recibo,0,2,0%,6.5
pago de agua,0,2,0%,7
pagoya iniciar sesión,0,2,0%,7
como puedo pagar mi recibo de agua si no tengo recibo,0,2,0%,8
sacmex pago en línea,0,2,0%,8.5
apps para pagar servicios,0,2,0%,9
que necesito para pagar el predial,0,2,0%,9
como pagar agua y drenaje de monterrey,0,2,0%,9.5
pagar el agua en linea monterrey,0,2,0%,9.5
donde puedo pagar agua y drenaje,0,2,0%,10
pago de agua y drenaje monterrey,0,2,0%,10
sadm pago en línea,0,2,0%,10
cfe cobra recargos,0,2,0%,11.5
donde puedo pagar el recibo del agua,0,2,0%,11.5
sacmex pago agua,0,2,0%,11.5
servicio de agua y drenaje de monterrey pago en linea,0,2,0%,13
predial puerto vallarta,0,2,0%,19
agua y drenaje pago,0,2,0%,20
agua y drenaje monterrey pago en línea,0,2,0%,20.5
sacmex cdmx gob mx pago agua,0,2,0%,21
pago servicio de agua cdmx,0,2,0%,21.5
pagar agua y drenaje en línea,0,2,0%,22
agua pago cdmx,0,2,0%,22.5
pagos sacmex,0,2,0%,22.5
agua y drenaje de monterrey pago,0,2,0%,24.5
aplicaciones para pagar servicios,0,2,0%,28.5
donde pagar el agua cdmx,0,2,0%,32.5
donde se paga el agua cdmx,0,2,0%,35.5
pagar un servicio,0,2,0%,41
oxxo play,0,2,0%,43
para hacer un deposito en oxxo que necesito,0,2,0%,47
pagos a cfe,0,2,0%,56.5
recargas a celular,0,2,0%,63
pago de cfe,0,2,0%,64
recargas de celular,0,2,0%,68
pagar recibo cfe,0,2,0%,68.5
cfe en linea pago,0,2,0%,73
cfe pagar online,0,2,0%,75
pago cfe en linea,0,2,0%,75.5
cfe pagar en linea,0,2,0%,78.5
al celular,0,1,0%,1
cada cuando llega el recibo del agua en monterrey,0,1,0%,1
cada cuando se paga el agua en monterrey,0,1,0%,1
cómo pagar el recibo de agua en línea,0,1,0%,1
pagoia,0,1,0%,1
agua y drenaje de monterrey,0,1,0%,2
escobedo,0,1,0%,2
agua san pedro pagar,0,1,0%,3
cfe pago en line,0,1,0%,4
pago de agu,0,1,0%,4
para pagar agua en linea,0,1,0%,4
agua pago,0,1,0%,5
como domiciliar el pago del agua,0,1,0%,5
sadm monterrey pago en linea,0,1,0%,5
donde pagar el recibo de agua,0,1,0%,6
dónde se paga el agua,0,1,0%,6
pago en línea del agua,0,1,0%,6
para pagar agua,0,1,0%,6
recargar,0,1,0%,6
se puede pagar el agua sin recibo,0,1,0%,6
donde puedo pagar el agua sin recibo,0,1,0%,7
dónde puedo pagar mi agua,0,1,0%,7
como pagar agua y drenaje,0,1,0%,8
como pagar el servicio del agua en linea,0,1,0%,8
pago predial vallarta,0,1,0%,8
que se necesita para pagar el predial,0,1,0%,8
agua pagar recibo,0,1,0%,9
como pagar el agua,0,1,0%,9
como pagar el bill de la luz por internet,0,1,0%,9
como se paga el agua,0,1,0%,9
pago pedrial,0,1,0%,9
recibo de predial,0,1,0%,9
recibo predial,0,1,0%,9
agua y drenaje de monterrey pago en linea,0,1,0%,10
agua y drenaje monterrey pagar,0,1,0%,10
cfe cobra recargos por no pagar a tiempo,0,1,0%,10
cómo pago el agua en linea,0,1,0%,10
pago agua,0,1,0%,10
pagos agua y drenaje,0,1,0%,10
donde pagar recibo vencido de agua,0,1,0%,11
pagar el agua con tarjeta de credito,0,1,0%,11
pago catastral,0,1,0%,11
cfematico cerca de mi,0,1,0%,12
como hacer un deposito en oxxo tutorial,0,1,0%,12
como pagar el agua en monterrey,0,1,0%,12
consulta tu predial,0,1,0%,12
modulo de pago cfe cerca de mi,0,1,0%,12
pago de recibo de telefono en jalisco,0,1,0%,12
se puede domiciliar el pago del agua,0,1,0%,12
pagar sacmex,0,1,0%,14
pago de agua y drenaje de monterrey,0,1,0%,15
sacmex pago en linea,0,1,0%,16
cdmx agua pago,0,1,0%,17
pagar agua cdmx,0,1,0%,17
agua y drenaje monterrey pago en linea,0,1,0%,18
pago de agua cdmx,0,1,0%,18
predial puerto vallarta jalisco,0,1,0%,18
como pagar el agua en linea cdmx,0,1,0%,19
pagar agua cdmx en linea,0,1,0%,20
prediales puerto vallarta,0,1,0%,20
agua y drenaje plaza la silla,0,1,0%,22
pagar agua en linea cdmx,0,1,0%,22
pago agua cdmx en línea,0,1,0%,22
servicios de agua y drenaje de monterrey pago en linea,0,1,0%,22
sacmex pagar agua,0,1,0%,23
cajero agua y drenaje,0,1,0%,29
pagar recibo de agua en linea monterrey,0,1,0%,29
pago agua cdmx,0,1,0%,29
pagar cfe mercadopago,0,1,0%,30
pag cfe,0,1,0%,33
pagar agua en línea cdmx,0,1,0%,33
pagar cfe,0,1,0%,35
telmex usa pagos,0,1,0%,35
pago recibo de agua cdmx,0,1,0%,36
telmex pay usa,0,1,0%,36
donde se puede pagar el agua cdmx,0,1,0%,37
paga recibo cfe,0,1,0%,37
recargas celular,0,1,0%,38
recargas telcel cerca de mi,0,1,0%,38
pagar servicios,0,1,0%,39
donde puedo pagar el agua cdmx,0,1,0%,40
app pago de servicios,0,1,0%,41
pago de servicio de agua cdmx,0,1,0%,41
ticket de oxxo deposito 2023,0,1,0%,41
pago de agua de la cdmx,0,1,0%,44
pago de luz con tarjeta de debito,0,1,0%,44
como depositar en oxxo,0,1,0%,45
oxxo pagos,0,1,0%,49
pago telmex,0,1,0%,50
cfe pago en linea sin registro,0,1,0%,51
pagos oxxo,0,1,0%,53
cfe pagar recibo,0,1,0%,54
oxxo pay,0,1,0%,54
pagar cfe con tarjeta de credito,0,1,0%,54
recarga a celulares,0,1,0%,57
pago cfe,0,1,0%,59
que necesito para depositar en oxxo,0,1,0%,62
recargar celular con tarjeta de débito,0,1,0%,62
recargas con tarjeta,0,1,0%,62
cfe pago en abonos,0,1,0%,63
depósito de oxxo a oxxo horario,0,1,0%,63
horarios depósitos oxxo,0,1,0%,63
depósito en oxxo horario,0,1,0%,64
recargar mi celular,0,1,0%,64
recargar telefono prepago,0,1,0%,64
depositos en oxxo horarios,0,1,0%,66
recarga celular,0,1,0%,66
recargar saldo,0,1,0%,66
cfe pago en linea,0,1,0%,67
recarga,0,1,0%,67
ticket deposito oxxo,0,1,0%,67
como es oxxo pay,0,1,0%,68
horario de depositos en oxxo,0,1,0%,68
depositos oxxo,0,1,0%,69
dónde puedo recargar,0,1,0%,69
como pagar agua y drenaje en linea,0,1,0%,70
horarios para hacer pagos en oxxo,0,1,0%,70
comisión federal de electricidad pago en línea,0,1,0%,71
como pagar en linea cfe,0,1,0%,71
recargas de saldo,0,1,0%,72
cfe pago en línea,0,1,0%,75
deposito en oxxo,0,1,0%,75
pagar luz en linea,0,1,0%,76
como hacer un depósito en oxxo sin tarjeta,0,1,0%,79
pago de cfe en linea,0,1,0%,82
pagar cfe por internet,0,1,0%,85
pagar recibo de cfe en linea,0,1,0%,86
recarga movil,0,1,0%,88
telmex pago,0,1,0%,90
oxxo depositos,0,1,0%,94
paga luz en linea,0,1,0%,98